CODDEP;CODMUN;CODZON;CODPUESTO;DEPARTAMENTO;MUNICIPIO;PUESTO;MESA;CODPAR;CEDULA;NOMBRE1;NOMBRE2;APELLIDO1;APELLIDO2;EMAIL;TELEFONO;TIPO
01;001;01;001;ANTIOQUIA;MEDELLIN;"Comuna 3";001;0004;3;JUAN;DAVID;GUARNIZO;SMITH;guarnizosmith34@gmail.com;3123629785;escrutinio
01;001;01;002;ANTIOQUIA;MEDELLIN;"Comuna 4";002;0004;;;;;;;;escrutinio
01;001;01;001;ANTIOQUIA;MEDELLIN;"Comuna 3";003;0004;1588;3333;DAVID;GUARNIZO;SMITH;;;escrutinio
01;001;01;002;ANTIOQUIA;MEDELLIN;"Comuna 4";004;0004;;;;;;;;escrutinio
01;001;01;002;ANTIOQUIA;MEDELLIN;"Comuna 4";001;0004;222;Juan;gu;;;;;predeterminado
01;001;01;002;ANTIOQUIA;MEDELLIN;"Comuna 4";002;0004;123;JUAN;G;GUARNIZO;SMITH;guarnizosmith34@gmail.com;3123629784;predeterminado
01;001;01;002;ANTIOQUIA;MEDELLIN;"Comuna 4";003;0004;1106900273;JDG;;;;;;predeterminado
01;001;01;002;ANTIOQUIA;MEDELLIN;"Comuna 4";004;0004;;;;;;;;predeterminado
01;001;01;001;ANTIOQUIA;MEDELLIN;"Comuna 3";001;0004;1234;2222;;;;;;ramanentes
01;001;01;002;ANTIOQUIA;MEDELLIN;"Comuna 4";002;0004;;;;;;;;ramanentes
01;001;01;002;ANTIOQUIA;MEDELLIN;"Comuna 4";003;0004;;;;;;;;ramanentes
01;001;01;002;ANTIOQUIA;MEDELLIN;"Comuna 4";004;0004;;;;;;;;ramanentes
